{
  "hash": "9f4bb170",
  "configHash": "2e876b0a",
  "lockfileHash": "7183b293",
  "browserHash": "6b740ba3",
  "optimized": {
    "@angular/common/http": {
      "src": "../../../../../../node_modules/@angular/common/fesm2022/http.mjs",
      "file": "@angular_common_http.js",
      "fileHash": "e41d0c50",
      "needsInterop": false
    },
    "@angular/core": {
      "src": "../../../../../../node_modules/@angular/core/fesm2022/core.mjs",
      "file": "@angular_core.js",
      "fileHash": "cfbdfe5c",
      "needsInterop": false
    },
    "@angular/platform-browser": {
      "src": "../../../../../../node_modules/@angular/platform-browser/fesm2022/platform-browser.mjs",
      "file": "@angular_platform-browser.js",
      "fileHash": "aaf53508",
      "needsInterop": false
    },
    "@angular/router": {
      "src": "../../../../../../node_modules/@angular/router/fesm2022/router.mjs",
      "file": "@angular_router.js",
      "fileHash": "b7d14511",
      "needsInterop": false
    },
    "@angular/common": {
      "src": "../../../../../../node_modules/@angular/common/fesm2022/common.mjs",
      "file": "@angular_common.js",
      "fileHash": "74ba328e",
      "needsInterop": false
    }
  },
  "chunks": {
    "chunk-5WLVWYH3": {
      "file": "chunk-5WLVWYH3.js"
    },
    "chunk-EY7GLY7J": {
      "file": "chunk-EY7GLY7J.js"
    },
    "chunk-KCUU2P3T": {
      "file": "chunk-KCUU2P3T.js"
    },
    "chunk-SZBLJUHW": {
      "file": "chunk-SZBLJUHW.js"
    }
  }
}